Draw Date,Winning Numbers,Bonus #,Extra #
09/12/2001,08 13 26 35 45 51,39,
09/15/2001,01 15 24 31 34 44,57,
09/19/2001,03 08 29 30 31 49,52,
09/22/2001,21 25 39 50 54 59,53,
09/26/2001,15 19 32 38 47 50,14,
09/29/2001,21 25 27 39 44 56,45,
10/03/2001,03 08 13 21 33 41,9,
10/06/2001,08 14 19 35 42 50,39,
10/10/2001,01 06 23 30 40 51,36,
10/13/2001,05 17 30 35 41 49,52,
10/17/2001,05 08 21 24 50 56,32,
10/20/2001,08 18 34 44 50 54,23,
10/24/2001,03 08 25 31 38 44,4,
10/27/2001,01 17 25 27 28 50,37,
10/31/2001,01 02 32 33 36 39,20,
11/03/2001,07 12 20 34 51 52,47,
11/07/2001,08 18 21 22 26 49,7,
11/10/2001,09 10 20 34 55 56,8,
11/14/2001,06 08 11 17 22 41,23,
11/17/2001,21 27 29 34 41 48,37,
11/21/2001,05 07 13 38 44 48,8,
11/24/2001,05 22 35 47 52 58,57,
11/28/2001,10 25 35 45 48 49,43,
12/01/2001,02 14 15 21 48 51,36,
12/05/2001,07 43 46 49 52 57,40,
12/08/2001,01 11 35 50 55 56,7,
12/12/2001,06 15 18 31 48 53,26,
12/15/2001,02 09 18 26 36 57,39,
12/19/2001,06 15 26 30 55 56,14,
12/22/2001,19 20 25 36 38 53,47,
12/26/2001,02 18 21 38 39 44,13,
12/29/2001,17 26 35 47 55 57,53,
01/02/2002,01 10 20 23 29 31,56,
01/05/2002,01 17 32 42 43 54,35,
01/09/2002,11 15 31 39 47 48,25,
01/12/2002,01 10 17 20 23 34,22,
01/16/2002,05 16 21 30 38 49,3,
01/19/2002,11 23 28 39 44 53,42,
01/23/2002,11 16 20 22 30 37,23,
01/26/2002,01 09 32 36 56 57,55,
01/30/2002,09 16 21 28 30 48,49,
02/02/2002,18 34 37 38 42 55,39,
02/06/2002,02 03 30 43 55 59,24,
02/09/2002,16 25 28 29 46 48,12,
02/13/2002,14 30 33 45 52 59,34,
02/16/2002,14 17 23 25 39 45,16,
02/20/2002,04 05 10 46 50 56,25,
02/23/2002,04 24 30 37 40 45,27,
02/27/2002,08 19 22 31 44 53,25,
03/02/2002,15 18 25 26 27 52,11,
03/06/2002,07 17 29 47 57 59,23,
03/09/2002,08 20 22 24 33 41,29,
03/13/2002,04 07 19 21 26 56,35,
03/16/2002,07 19 44 47 48 54,51,
03/20/2002,03 16 27 33 51 58,30,
03/23/2002,08 23 25 26 40 58,18,
03/27/2002,09 16 20 32 34 41,3,
03/30/2002,21 24 36 38 41 47,2,
04/03/2002,02 19 26 33 50 58,59,
04/06/2002,15 31 33 37 49 55,28,
04/10/2002,02 08 11 16 37 54,49,
04/13/2002,07 09 13 33 35 59,24,
04/17/2002,02 11 15 19 23 56,14,
04/20/2002,02 08 17 23 27 55,1,
04/24/2002,07 26 39 41 50 56,3,
04/27/2002,08 09 10 22 31 49,20,
05/01/2002,10 20 30 31 42 49,4,
05/04/2002,04 08 14 27 44 50,25,
05/08/2002,06 10 17 31 35 51,34,
05/11/2002,05 07 21 27 29 50,42,
05/15/2002,06 12 15 23 39 56,19,
05/18/2002,16 24 32 34 39 54,50,
05/22/2002,09 12 13 14 23 53,43,
05/25/2002,01 05 10 16 28 34,49,
05/29/2002,05 14 23 25 33 48,20,
06/01/2002,04 44 46 49 54 59,40,
06/05/2002,12 15 31 40 47 59,55,
06/08/2002,06 26 35 39 50 52,18,
06/12/2002,14 20 21 47 51 54,43,
06/15/2002,07 16 30 40 51 56,50,
06/19/2002,03 14 22 45 50 56,54,
06/22/2002,01 07 11 22 42 52,32,
06/26/2002,06 10 13 27 29 43,33,
06/29/2002,02 15 20 24 48 53,56,
07/03/2002,07 11 21 42 45 52,39,
07/06/2002,04 20 26 30 54 58,46,
07/10/2002,27 36 37 51 58 59,7,
07/13/2002,05 07 15 23 32 44,39,
07/17/2002,18 22 30 51 55 59,8,
07/20/2002,03 10 24 29 44 52,8,
07/24/2002,18 19 25 42 52 56,29,
07/27/2002,07 28 37 45 48 52,5,
07/31/2002,05 13 21 23 38 57,45,
08/03/2002,04 10 28 35 38 55,33,
08/07/2002,02 15 23 39 54 56,13,
08/10/2002,05 13 23 33 45 57,51,
08/14/2002,06 09 29 33 52 57,20,
08/17/2002,04 06 19 24 33 41,35,
08/21/2002,04 06 07 20 44 57,24,
08/24/2002,13 15 19 32 34 48,2,
08/28/2002,09 35 41 45 54 55,43,
08/31/2002,07 17 36 38 48 55,10,
09/04/2002,09 12 18 33 36 50,38,
09/07/2002,03 23 29 38 45 58,10,
09/11/2002,03 07 11 15 52 58,56,
09/14/2002,11 18 35 51 53 55,22,
09/18/2002,04 10 23 47 53 58,38,
09/21/2002,14 35 36 44 51 58,50,
09/25/2002,03 11 16 17 46 53,41,
09/28/2002,08 39 42 44 48 49,3,
10/02/2002,11 20 23 28 45 57,3,
10/05/2002,02 09 10 16 24 44,43,
10/09/2002,05 24 29 31 39 48,13,
10/12/2002,01 02 18 42 55 57,36,
10/16/2002,05 06 23 35 36 44,19,
10/19/2002,01 20 25 40 42 46,34,
10/23/2002,03 11 29 37 41 49,27,
10/26/2002,13 22 27 46 49 53,16,
10/30/2002,09 20 21 28 32 50,41,
11/02/2002,02 05 11 24 45 52,6,
11/06/2002,24 27 37 50 51 58,55,
11/09/2002,08 26 34 35 44 50,23,
11/13/2002,16 19 28 32 53 54,14,
11/16/2002,19 30 36 39 46 47,5,
11/20/2002,04 09 17 21 43 57,56,
11/23/2002,04 12 13 17 49 58,35,
11/27/2002,04 17 35 39 43 45,11,
11/30/2002,01 14 32 35 41 54,11,
12/04/2002,06 14 24 29 35 54,36,
12/07/2002,01 09 11 48 50 53,24,
12/11/2002,01 12 14 22 23 28,18,
12/14/2002,06 14 25 44 45 58,53,
12/18/2002,02 24 38 49 55 57,14,
12/21/2002,03 13 30 40 47 57,12,
12/24/2002,10 15 29 34 36 43,2,
12/28/2002,15 30 31 43 53 54,47,
01/01/2003,22 37 40 44 45 49,38,
01/04/2003,04 28 36 37 54 56,8,
01/08/2003,12 15 31 40 45 50,1,
01/11/2003,04 12 14 27 29 35,36,
01/15/2003,17 19 20 22 31 50,26,
01/18/2003,02 10 33 39 41 52,36,
01/22/2003,20 24 31 38 43 47,29,
01/25/2003,10 12 34 45 51 55,48,
01/29/2003,03 04 30 37 43 53,13,
02/01/2003,21 29 38 39 51 54,35,
02/05/2003,05 06 16 20 56 59,57,
02/08/2003,07 12 26 33 38 39,50,
02/12/2003,03 05 29 39 42 43,54,
02/15/2003,19 23 28 41 43 55,59,
02/19/2003,01 24 27 36 51 55,18,
02/22/2003,07 08 30 39 41 57,46,
02/26/2003,11 27 31 41 42 56,33,
03/01/2003,08 20 30 32 46 58,40,
03/05/2003,12 13 14 31 34 48,51,
03/08/2003,10 12 16 20 28 47,2,
03/12/2003,04 31 35 42 46 58,40,
03/15/2003,05 16 25 28 34 45,11,
03/19/2003,02 07 31 33 48 55,42,
03/22/2003,06 14 27 38 50 58,39,
03/26/2003,21 32 38 47 48 58,46,
03/29/2003,07 08 17 21 25 32,5,
04/02/2003,10 14 24 43 45 53,37,
04/05/2003,10 22 25 33 34 54,7,
04/09/2003,04 19 22 25 43 44,2,
04/12/2003,15 17 19 27 36 57,34,
04/16/2003,02 09 13 19 24 46,43,
04/19/2003,03 10 14 22 46 47,26,
04/23/2003,02 10 18 25 38 40,4,
04/26/2003,14 16 25 26 27 35,48,
04/30/2003,02 05 30 32 45 46,51,
05/03/2003,04 18 40 45 52 56,7,
05/07/2003,08 43 46 48 53 55,10,
05/10/2003,12 24 32 49 52 56,37,
05/14/2003,06 09 11 17 32 58,39,
05/17/2003,06 07 32 45 48 52,28,
05/21/2003,04 17 25 31 42 45,50,
05/24/2003,08 20 33 36 42 57,40,
05/28/2003,13 14 15 37 52 54,42,
05/31/2003,12 16 33 42 50 59,3,
06/04/2003,13 29 37 43 51 58,12,
06/07/2003,04 10 22 34 40 54,56,
06/11/2003,02 13 22 30 53 55,33,
06/14/2003,11 15 16 29 37 55,51,
06/18/2003,01 03 07 24 30 41,8,
06/21/2003,05 20 28 50 54 57,33,
06/25/2003,04 14 21 29 35 53,38,
06/28/2003,09 16 22 28 49 50,24,
07/02/2003,08 13 29 30 37 53,14,
07/05/2003,17 28 31 32 39 59,49,
07/09/2003,06 09 10 12 49 56,53,
07/12/2003,10 25 32 44 51 58,52,
07/16/2003,05 08 15 40 51 53,24,
07/19/2003,16 31 32 37 40 45,46,
07/23/2003,06 10 17 21 29 44,53,
07/26/2003,07 14 16 29 45 56,40,
07/30/2003,29 32 34 37 52 57,20,
08/02/2003,05 15 26 51 55 57,25,
08/06/2003,07 12 32 37 38 50,55,
08/09/2003,06 10 13 31 33 39,41,
08/13/2003,03 28 30 37 49 54,59,
08/16/2003,13 24 35 50 57 58,5,
08/20/2003,10 14 18 22 33 57,44,
08/23/2003,07 11 32 37 47 51,49,
08/27/2003,08 12 22 30 41 44,32,
08/30/2003,11 15 16 25 44 47,17,
09/03/2003,20 30 33 36 38 57,13,
09/06/2003,27 29 31 38 51 52,41,
09/10/2003,04 22 25 53 54 58,14,
09/13/2003,07 11 14 21 40 48,3,
09/17/2003,06 10 20 30 43 46,39,
09/20/2003,08 16 17 25 40 54,1,
09/24/2003,10 14 18 30 33 55,54,
09/27/2003,03 10 12 38 57 58,55,
10/01/2003,23 25 31 38 43 44,52,
10/04/2003,07 09 26 29 50 55,2,
10/08/2003,07 11 13 26 34 39,37,
10/11/2003,15 24 29 34 39 54,3,
10/15/2003,24 29 42 43 47 53,59,
10/18/2003,18 33 35 46 51 59,23,
10/22/2003,01 06 19 26 40 41,35,
10/25/2003,16 19 20 40 51 55,36,
10/29/2003,06 07 15 31 51 53,21,
11/01/2003,06 07 19 22 27 40,38,
11/05/2003,05 16 35 47 49 55,28,
11/08/2003,10 11 32 34 35 46,50,
11/12/2003,02 26 32 35 44 52,37,
11/15/2003,22 25 35 37 44 52,31,
11/19/2003,17 26 31 39 47 50,41,
11/22/2003,21 24 31 35 45 54,44,
11/26/2003,08 12 21 51 54 56,26,
11/29/2003,04 15 28 29 30 55,31,
12/03/2003,01 02 25 38 46 49,51,
12/06/2003,07 10 14 15 22 31,26,
12/10/2003,01 02 26 33 40 41,16,
12/13/2003,03 19 27 43 50 53,29,
12/17/2003,06 18 30 34 35 56,39,
12/20/2003,11 27 29 40 51 58,2,
12/24/2003,05 08 11 33 48 57,43,
12/27/2003,01 12 30 37 44 49,59,
12/31/2003,01 22 28 30 45 49,19,
01/03/2004,03 13 19 31 32 34,27,
01/07/2004,13 22 24 26 27 50,21,
01/10/2004,15 18 39 45 52 53,56,
01/14/2004,01 04 06 13 14 35,45,
01/17/2004,15 28 31 49 50 57,45,
01/21/2004,06 10 12 27 52 54,51,
01/24/2004,02 05 13 18 28 36,45,
01/28/2004,07 08 12 21 37 45,4,
01/31/2004,02 05 11 33 50 54,32,
02/04/2004,23 30 46 49 53 58,25,
02/07/2004,12 16 23 38 54 55,42,
02/11/2004,15 17 19 27 28 32,42,
02/14/2004,05 26 27 43 54 59,55,
02/18/2004,17 19 29 37 40 50,23,
02/21/2004,04 14 21 23 30 39,2,
02/25/2004,14 16 27 39 47 48,35,
02/28/2004,01 04 06 25 30 54,14,
03/03/2004,06 18 31 43 53 54,42,
03/06/2004,06 17 24 30 35 40,26,
03/10/2004,02 11 14 17 34 38,5,
03/13/2004,16 21 25 36 49 59,1,
03/17/2004,13 17 20 31 36 43,42,
03/20/2004,25 45 46 49 51 58,4,
03/24/2004,13 26 37 41 42 46,52,
03/27/2004,11 18 38 41 49 53,51,
03/31/2004,01 06 11 24 25 39,42,
04/03/2004,09 38 40 41 48 54,16,
04/07/2004,05 08 16 25 31 46,10,
04/10/2004,04 07 23 39 56 59,42,
04/14/2004,18 39 43 47 48 55,9,
04/17/2004,38 45 47 49 51 56,42,
04/21/2004,19 26 28 29 48 57,6,
04/24/2004,12 16 22 34 42 54,44,
04/28/2004,02 03 06 15 20 55,22,
05/01/2004,05 17 23 29 34 40,53,
05/05/2004,05 08 31 35 53 57,11,
05/08/2004,20 21 30 36 44 58,19,
05/12/2004,05 07 11 20 26 38,44,
05/15/2004,07 15 28 32 39 56,29,
05/19/2004,03 04 29 34 43 53,15,
05/22/2004,07 17 37 47 48 52,3,
05/26/2004,08 20 30 49 50 57,44,
05/29/2004,03 29 32 45 50 57,23,
06/02/2004,12 19 23 33 54 55,24,
06/05/2004,17 20 23 36 51 59,57,
06/09/2004,11 14 23 28 34 47,1,
06/12/2004,04 29 31 32 48 54,40,
06/16/2004,04 19 27 29 36 50,9,
06/19/2004,14 21 40 49 53 58,20,
06/23/2004,15 32 36 42 44 49,4,
06/26/2004,05 32 41 54 56 57,40,
06/30/2004,20 26 31 39 42 55,44,
07/03/2004,08 15 19 27 38 59,17,
07/07/2004,22 26 32 44 46 56,4,
07/10/2004,10 22 25 31 38 44,23,
07/14/2004,01 04 07 18 44 45,15,
07/17/2004,02 05 25 46 52 56,33,
07/21/2004,08 22 25 28 36 56,26,
07/24/2004,06 09 11 12 25 46,35,
07/28/2004,03 09 28 42 43 52,45,
07/31/2004,02 21 22 34 48 59,23,
08/04/2004,18 23 25 27 48 57,36,
08/07/2004,07 15 17 20 22 37,29,
08/11/2004,02 37 41 46 47 50,35,
08/14/2004,03 19 36 44 46 55,32,
08/18/2004,04 19 24 29 47 56,1,
08/21/2004,30 32 47 54 55 57,3,
08/25/2004,23 31 34 35 43 46,30,
08/28/2004,06 09 34 44 49 58,10,
09/01/2004,25 29 33 37 42 51,59,
09/04/2004,08 17 22 39 44 54,14,
09/08/2004,11 21 24 40 49 55,42,
09/11/2004,08 13 15 18 19 46,44,
09/15/2004,04 08 26 28 31 44,11,
09/18/2004,09 10 13 22 30 39,57,
09/22/2004,24 27 35 36 51 58,52,
09/25/2004,03 15 24 43 51 58,42,
09/29/2004,01 04 11 46 47 59,5,
10/02/2004,02 40 42 52 54 57,4,
10/06/2004,05 17 42 44 53 57,10,
10/09/2004,03 10 38 44 47 57,45,
10/13/2004,09 18 27 47 51 53,20,
10/16/2004,04 12 13 15 27 43,40,
10/20/2004,03 17 33 35 43 59,32,
10/23/2004,08 28 31 32 42 52,12,
10/27/2004,15 17 28 38 50 54,47,
10/30/2004,06 07 14 32 42 43,44,
11/03/2004,06 25 31 34 39 41,35,
11/06/2004,03 05 10 41 54 58,57,
11/10/2004,01 22 29 40 42 58,2,
11/13/2004,02 04 09 23 30 34,55,
11/17/2004,02 10 17 26 35 53,27,
11/20/2004,01 20 35 36 52 59,51,
11/24/2004,24 27 36 42 50 52,16,
11/27/2004,02 04 19 23 49 51,8,
12/01/2004,17 42 45 50 51 52,56,
12/04/2004,02 11 12 20 36 49,27,
12/08/2004,03 04 31 37 39 58,40,
12/11/2004,14 15 23 32 45 47,3,
12/15/2004,06 12 16 20 35 41,32,
12/18/2004,03 20 24 25 54 58,4,
12/22/2004,31 33 41 50 51 54,8,
12/24/2004,03 16 19 24 36 57,8,
12/29/2004,19 20 41 42 44 54,23,
01/01/2005,08 18 37 46 49 57,56,
01/05/2005,21 27 28 52 56 57,39,
01/08/2005,10 37 38 43 49 50,17,
01/12/2005,07 17 28 34 43 50,57,
01/15/2005,22 28 31 45 49 56,44,
01/19/2005,01 03 15 30 49 52,8,
01/22/2005,20 28 38 40 44 59,9,
01/26/2005,03 26 34 36 42 57,14,
01/29/2005,20 30 39 46 47 58,59,
02/02/2005,13 19 24 34 40 46,9,
02/05/2005,03 10 11 26 39 54,48,
02/09/2005,11 18 23 25 35 53,9,
02/12/2005,05 17 22 26 29 56,23,
02/16/2005,14 19 32 46 48 55,47,
02/19/2005,05 31 38 40 43 44,26,
02/23/2005,08 27 32 35 51 59,4,
02/26/2005,09 23 26 38 46 51,49,
03/02/2005,14 34 47 50 51 56,21,
03/05/2005,08 36 40 41 46 54,15,
03/09/2005,01 11 21 45 53 58,27,
03/12/2005,18 27 35 40 45 53,34,
03/16/2005,06 19 23 28 42 55,40,
03/19/2005,06 20 30 32 37 57,4,
03/23/2005,02 03 11 24 38 54,47,
03/26/2005,03 09 31 44 47 57,52,
03/30/2005,01 16 17 20 40 43,39,
04/02/2005,04 36 39 52 53 54,15,
04/06/2005,22 26 29 31 35 49,50,
04/09/2005,07 14 22 42 49 58,15,
04/13/2005,09 13 16 27 50 56,42,
04/16/2005,02 07 30 52 53 58,28,
04/20/2005,03 30 34 44 45 51,7,
04/23/2005,11 19 26 29 47 50,9,
04/27/2005,07 10 13 25 29 57,45,
04/30/2005,05 08 16 23 27 31,42,
05/04/2005,08 12 20 53 56 59,58,
05/07/2005,21 30 32 38 46 53,23,
05/11/2005,06 16 26 36 41 57,22,
05/14/2005,08 16 23 34 43 49,56,
05/18/2005,20 34 41 47 54 57,58,
05/21/2005,02 19 31 39 47 54,52,
05/25/2005,05 13 15 38 52 53,2,
05/28/2005,01 06 08 12 37 48,50,
06/01/2005,06 11 36 41 46 53,17,
06/04/2005,23 29 46 48 52 57,15,
06/08/2005,18 23 27 37 43 50,57,
06/11/2005,13 23 29 30 43 47,25,
06/15/2005,03 18 23 37 50 58,33,
06/18/2005,12 25 31 40 41 53,57,
06/22/2005,01 33 38 54 55 56,46,
06/25/2005,04 08 25 29 54 57,27,
06/29/2005,04 22 40 41 43 44,47,
07/02/2005,03 12 16 20 24 36,57,
07/06/2005,12 13 16 24 25 39,30,
07/09/2005,11 13 35 41 47 56,30,
07/13/2005,08 09 11 13 25 53,28,
07/16/2005,07 11 15 26 45 49,21,
07/20/2005,08 30 51 54 57 58,33,
07/23/2005,07 17 22 51 57 59,37,
07/27/2005,14 19 29 34 40 52,31,
07/30/2005,01 02 11 30 39 48,21,
08/03/2005,02 16 17 18 42 50,59,
08/06/2005,04 26 28 30 37 46,59,
08/10/2005,10 12 15 30 45 57,11,
08/13/2005,13 17 27 38 52 57,18,
08/17/2005,07 16 24 26 55 56,1,
08/20/2005,31 32 34 48 54 55,44,
08/24/2005,02 08 24 42 44 58,56,
08/27/2005,01 03 39 46 50 53,33,
08/31/2005,10 37 38 40 50 52,57,
09/03/2005,15 19 33 46 52 53,41,
09/07/2005,13 14 21 43 50 51,42,
09/10/2005,15 31 41 44 47 58,13,
09/14/2005,03 19 22 41 44 55,53,
09/17/2005,03 38 39 40 43 48,26,
09/21/2005,14 17 21 22 26 58,45,
09/24/2005,19 27 36 45 53 55,30,
09/28/2005,04 06 10 12 43 46,30,
10/01/2005,04 09 14 16 37 53,26,
10/05/2005,07 14 22 32 40 51,36,
10/08/2005,07 13 23 24 32 43,44,
10/12/2005,08 13 15 40 42 56,22,
10/15/2005,10 17 20 21 35 37,38,
10/19/2005,08 20 50 52 54 56,17,
10/22/2005,06 14 20 31 57 59,43,
10/26/2005,02 21 38 50 52 53,44,
10/29/2005,04 25 26 35 36 54,9,
11/02/2005,04 17 36 43 51 55,41,
11/05/2005,07 26 36 37 42 53,24,
11/09/2005,11 25 29 36 39 44,52,
11/12/2005,10 22 23 25 41 55,35,
11/16/2005,12 23 27 31 58 59,52,
11/19/2005,11 18 21 32 33 46,30,
11/23/2005,03 06 27 38 54 55,21,
11/26/2005,09 15 17 24 31 44,8,
11/30/2005,25 30 35 40 43 59,36,
12/03/2005,08 19 27 43 49 51,35,
12/07/2005,09 16 38 44 51 58,48,
12/10/2005,03 11 16 22 41 49,59,
12/14/2005,10 16 20 25 50 59,21,
12/17/2005,17 28 29 37 43 48,47,
12/21/2005,03 04 11 42 44 45,53,
12/24/2005,05 12 22 34 39 44,50,
12/28/2005,02 04 09 17 46 52,24,
12/31/2005,06 09 28 41 46 50,11,
01/04/2006,10 15 20 25 38 51,43,
01/07/2006,03 37 40 46 47 48,14,
01/11/2006,01 02 04 15 24 57,26,
01/14/2006,12 15 29 47 55 57,11,
01/18/2006,22 37 38 44 55 59,16,
01/21/2006,06 24 38 49 52 53,47,
01/25/2006,08 25 27 40 47 48,55,
01/28/2006,20 34 36 47 52 59,35,
02/01/2006,17 32 41 43 45 59,54,
02/04/2006,10 15 19 38 54 55,45,
02/08/2006,19 26 41 52 54 58,7,
02/11/2006,01 04 09 25 32 58,6,
02/15/2006,08 25 35 40 46 59,58,
02/18/2006,31 41 45 46 49 50,39,
02/22/2006,12 15 16 23 40 48,1,
02/25/2006,20 28 37 40 52 53,32,
03/01/2006,14 22 37 42 50 59,5,
03/04/2006,02 06 08 11 51 59,53,
03/08/2006,17 20 21 30 39 50,18,
03/11/2006,03 10 18 24 27 50,35,
03/15/2006,01 13 32 34 41 59,53,
03/18/2006,21 27 29 33 39 44,47,
03/22/2006,03 26 30 43 51 59,39,
03/25/2006,16 21 22 43 53 59,52,
03/29/2006,12 17 25 32 48 55,14,
04/01/2006,05 23 33 35 36 53,43,
04/05/2006,18 27 30 34 35 39,14,
04/08/2006,04 41 42 48 51 55,58,
04/12/2006,10 18 21 38 40 57,15,
04/15/2006,11 21 23 34 36 38,5,
04/19/2006,02 11 12 47 49 50,36,
04/22/2006,24 25 27 42 46 57,28,
04/26/2006,21 27 49 55 58 59,52,
04/29/2006,03 06 18 36 41 57,33,
05/03/2006,04 08 10 13 15 22,3,
05/06/2006,08 11 12 20 41 51,16,
05/10/2006,01 11 12 13 23 50,36,
05/13/2006,18 20 23 40 52 57,36,
05/17/2006,02 04 16 18 47 49,32,
05/20/2006,21 23 31 40 42 52,18,
05/24/2006,01 10 11 15 16 44,46,
05/27/2006,13 33 35 41 47 49,22,
05/31/2006,09 10 21 26 34 49,3,
06/03/2006,04 07 25 31 43 45,40,
06/07/2006,02 03 06 31 39 48,23,
06/10/2006,02 12 15 53 55 59,17,
06/14/2006,09 25 35 42 48 57,12,
06/17/2006,04 11 21 34 38 44,26,
06/21/2006,06 33 34 37 55 56,27,
06/24/2006,16 20 30 31 35 45,26,
06/28/2006,20 27 29 50 53 59,26,
07/01/2006,01 13 22 31 36 53,52,
07/05/2006,02 03 15 26 39 56,41,
07/08/2006,08 11 20 34 37 57,40,
07/12/2006,09 16 32 42 53 57,11,
07/15/2006,05 14 33 36 50 54,7,
07/19/2006,05 14 16 38 49 56,53,
07/22/2006,27 31 32 33 51 53,20,
07/26/2006,19 32 34 37 41 53,25,
07/29/2006,05 10 15 25 30 35,53,
08/02/2006,02 03 16 26 43 52,57,
08/05/2006,07 16 26 39 47 50,37,
08/09/2006,06 32 34 42 46 50,3,
08/12/2006,03 11 18 40 49 51,55,
08/16/2006,03 07 28 36 47 53,24,
08/19/2006,09 10 22 24 32 58,38,
08/23/2006,05 36 39 54 57 59,16,
08/26/2006,09 22 28 35 43 46,3,
08/30/2006,01 08 09 32 48 58,16,
09/02/2006,09 13 30 34 44 46,33,
09/06/2006,02 13 24 45 52 53,22,
09/09/2006,03 09 40 45 52 54,17,
09/13/2006,06 30 40 47 53 55,11,
09/16/2006,07 13 32 34 39 56,38,
09/20/2006,06 07 22 30 40 43,31,
09/23/2006,01 39 40 46 51 55,3,
09/27/2006,09 19 21 51 53 58,10,
09/30/2006,01 11 40 45 53 58,52,
10/04/2006,07 09 16 36 39 56,15,
10/07/2006,06 28 33 46 49 59,1,
10/11/2006,03 21 27 37 40 47,1,
10/14/2006,10 15 25 36 46 52,51,
10/18/2006,20 24 34 36 37 56,11,
10/21/2006,11 18 21 23 43 52,51,
10/25/2006,01 08 19 20 30 35,9,
10/28/2006,08 10 24 29 48 49,39,
11/01/2006,15 23 29 37 40 52,8,
11/04/2006,04 08 12 23 49 52,30,
11/08/2006,10 13 22 25 42 43,24,
11/11/2006,01 02 03 13 27 40,50,
11/15/2006,16 26 31 32 54 58,39,
11/18/2006,05 17 30 40 43 57,7,
11/22/2006,13 32 34 36 41 50,55,
11/25/2006,24 25 38 41 49 59,6,
11/29/2006,13 29 31 33 54 59,53,
12/02/2006,13 23 25 30 49 59,9,
12/06/2006,03 09 38 44 51 59,10,
12/09/2006,08 18 25 38 49 51,10,
12/13/2006,07 33 40 43 47 52,6,
12/16/2006,07 08 09 11 16 57,55,
12/20/2006,04 19 20 21 23 45,39,
12/23/2006,04 07 18 28 40 58,51,
12/27/2006,12 18 36 41 49 53,33,
12/30/2006,01 02 25 27 49 55,12,
01/03/2007,03 09 14 24 41 44,12,
01/06/2007,07 10 27 34 37 52,50,
01/10/2007,01 06 36 41 55 57,51,
01/13/2007,28 31 40 43 50 59,49,
01/17/2007,13 25 28 30 46 55,11,
01/20/2007,07 09 11 12 28 38,5,
01/24/2007,11 13 20 41 56 59,31,
01/27/2007,08 24 36 52 53 57,22,
01/31/2007,03 06 20 22 44 54,17,
02/03/2007,25 36 38 44 55 57,26,
02/07/2007,04 20 29 32 45 53,48,
02/10/2007,14 27 35 37 49 50,16,
02/14/2007,07 19 20 26 32 43,49,
02/17/2007,06 08 12 13 17 26,29,
02/21/2007,15 19 21 22 42 52,41,
02/24/2007,06 12 15 17 26 34,59,
02/28/2007,02 11 14 16 43 59,23,
03/03/2007,14 19 20 31 50 52,54,46
03/07/2007,01 16 26 28 36 40,30,58
03/10/2007,04 19 22 30 34 38,54,58
03/14/2007,08 14 25 27 42 47,36,56
03/17/2007,01 36 39 50 51 58,32,5
03/21/2007,07 14 20 23 24 54,53,44
03/24/2007,02 04 05 22 23 45,51,49
03/28/2007,07 26 41 42 43 49,10,37
03/31/2007,05 16 43 48 52 54,24,34
04/04/2007,08 09 40 44 52 55,18,14
04/07/2007,29 30 43 49 55 56,34,46
04/11/2007,03 06 26 31 33 51,45,58
04/14/2007,04 05 10 14 16 33,30,3
04/18/2007,11 12 21 36 50 59,15,38
04/21/2007,05 27 37 43 45 55,52,58
04/25/2007,16 24 41 47 53 57,4,55
04/28/2007,17 20 22 31 42 47,36,48
05/02/2007,02 03 19 44 47 57,36,31
05/05/2007,03 18 19 25 53 57,30,52
05/09/2007,02 13 24 32 38 54,39,21
05/12/2007,05 18 22 49 57 59,17,14
05/16/2007,03 10 14 22 40 52,37,47
05/19/2007,02 10 42 45 50 51,39,18
05/23/2007,04 12 13 22 31 50,9,44
05/26/2007,19 21 29 35 47 57,51,3
05/30/2007,14 23 36 38 45 57,17,16
06/02/2007,05 15 19 51 53 54,56,4
06/06/2007,01 05 07 19 21 55,42,12
06/09/2007,06 12 14 41 46 59,32,35
06/13/2007,23 24 29 35 37 46,32,38
06/16/2007,18 25 31 36 46 56,3,5
06/20/2007,12 16 27 28 34 39,45,22
06/23/2007,24 31 39 42 49 52,11,26
06/27/2007,02 05 27 30 38 48,6,32
06/30/2007,12 17 18 38 47 59,1,20
07/04/2007,06 29 35 39 48 53,1,52
07/07/2007,08 36 38 49 50 59,9,29
07/11/2007,15 16 33 34 40 50,12,38
07/14/2007,09 14 18 21 41 58,48,29
07/18/2007,14 22 28 30 31 38,21,46
07/21/2007,06 19 20 21 25 43,42,36
07/25/2007,02 17 19 42 44 47,58,43
07/28/2007,04 25 38 40 43 48,45,50
08/01/2007,16 27 32 34 36 57,52,9
08/04/2007,23 27 35 36 38 45,30,31
08/08/2007,15 37 43 55 56 59,57,34
08/11/2007,07 10 20 30 36 57,47,55
08/15/2007,11 14 28 31 47 57,10,58
08/18/2007,04 09 22 26 39 50,51,53
08/22/2007,09 16 41 45 49 53,13,23
08/25/2007,02 04 24 31 36 50,51,19
08/29/2007,02 08 23 35 41 54,51,45
09/01/2007,12 16 21 39 43 51,58,11
09/05/2007,03 19 32 37 42 45,17,44
09/08/2007,06 33 39 40 42 44,32,52
09/12/2007,06 07 13 35 42 43,57,59
09/15/2007,08 16 17 30 41 48,46,54
09/19/2007,03 08 23 35 37 40,57,32
09/22/2007,02 05 15 34 38 57,32,25
09/26/2007,04 05 17 32 50 58,14,6
09/29/2007,05 09 18 26 35 56,27,32
10/03/2007,21 26 36 39 51 54,49,56
10/06/2007,11 21 26 28 43 49,34,57
10/10/2007,20 23 26 29 50 56,39,40
10/13/2007,01 04 29 30 40 59,52,5
10/17/2007,17 28 31 39 52 53,46,59
10/20/2007,08 09 21 39 40 48,33,49
10/24/2007,15 20 33 45 57 58,4,42
10/27/2007,10 15 39 45 50 59,36,42
10/31/2007,11 13 19 31 36 54,4,42
11/03/2007,05 12 22 23 25 57,35,29
11/07/2007,02 13 19 20 36 46,53,49
11/10/2007,06 15 34 35 47 58,45,54
11/14/2007,21 23 28 38 42 47,44,29
11/17/2007,05 06 17 33 37 46,55,48
11/21/2007,22 31 34 40 45 52,43,1
11/24/2007,01 06 20 48 53 59,57,22
11/28/2007,07 13 15 26 33 57,45,18
12/01/2007,19 33 45 49 52 57,20,53
12/05/2007,06 29 33 44 51 56,43,8
12/08/2007,01 23 31 33 44 53,38,29
12/12/2007,01 06 21 28 29 42,18,57
12/15/2007,08 09 13 21 24 54,27,22
12/19/2007,20 22 31 32 43 45,57,9
12/22/2007,17 33 41 50 53 55,14,30
12/26/2007,07 12 41 51 53 54,30,10
12/29/2007,08 09 24 39 40 47,14,53
01/02/2008,07 20 25 28 32 37,31,52
01/05/2008,12 18 28 40 45 57,9,1
01/09/2008,18 32 50 51 53 58,48,47
01/12/2008,25 27 34 48 55 58,56,45
01/16/2008,28 37 38 40 50 56,48,16
01/19/2008,02 04 06 31 32 34,42,24
01/23/2008,06 11 26 34 39 52,15,16
01/26/2008,05 13 24 30 45 53,56,6
01/30/2008,03 07 13 24 33 47,49,56
02/02/2008,02 09 16 18 49 54,10,30
02/06/2008,01 02 14 25 33 36,28,54
02/09/2008,14 33 41 43 44 47,36,26
02/13/2008,01 18 29 30 51 53,5,19
02/16/2008,01 07 16 25 47 49,18,36
02/20/2008,08 09 17 48 54 55,19,51
02/23/2008,03 09 10 16 27 58,26,21
02/27/2008,11 12 15 27 46 50,4,14
03/01/2008,09 13 27 28 34 46,57,47
03/05/2008,12 14 40 41 44 57,35,29
03/08/2008,04 21 32 39 44 47,7,17
03/12/2008,15 21 29 37 41 44,51,11
03/15/2008,01 17 19 22 24 29,13,43
03/19/2008,03 08 39 46 48 57,9,20
03/22/2008,25 30 33 41 42 54,9,35
03/26/2008,07 08 10 12 15 37,14,46
03/29/2008,10 16 41 50 51 55,59,42
04/02/2008,01 08 10 31 52 57,3,5
04/05/2008,04 11 26 31 37 49,33,24
04/09/2008,25 26 33 45 47 48,18,46
04/12/2008,02 11 12 16 32 49,3,19
04/16/2008,03 20 26 44 55 57,35,7
04/19/2008,02 06 16 17 25 59,13,14
04/23/2008,17 24 25 26 42 54,27,4
04/26/2008,10 15 17 37 41 53,14,9
04/30/2008,03 14 16 45 53 57,12,31
05/03/2008,19 28 30 34 51 52,54,31
05/07/2008,16 25 32 45 46 58,7,14
05/10/2008,01 03 34 44 47 49,14,27
05/14/2008,01 09 21 37 45 53,20,43
05/17/2008,04 09 25 40 52 57,54,34
05/21/2008,01 07 13 30 34 46,21,2
05/24/2008,08 24 33 35 44 53,10,54
05/28/2008,17 25 32 35 40 53,49,34
05/31/2008,06 24 30 50 51 57,53,38
06/04/2008,01 04 11 24 42 56,9,14
06/07/2008,05 11 17 24 25 39,58,21
06/11/2008,05 08 15 18 24 45,31,1
06/14/2008,09 14 26 27 51 55,28,41
06/18/2008,07 11 23 24 27 49,47,4
06/21/2008,07 24 36 52 54 55,12,2
06/25/2008,08 22 32 41 53 57,23,16
06/28/2008,03 08 21 23 40 57,10,46
07/02/2008,03 18 23 33 34 57,17,13
07/05/2008,03 12 22 38 48 50,59,14
07/09/2008,04 08 19 34 47 54,1,37
07/12/2008,16 17 21 30 43 44,39,28
07/16/2008,10 19 24 38 39 55,15,4
07/19/2008,02 25 32 53 55 57,20,33
07/23/2008,01 14 25 32 47 50,11,29
07/26/2008,07 11 20 21 34 47,52,48
07/30/2008,05 14 26 27 39 42,15,29
08/02/2008,22 26 31 36 39 50,28,19
08/06/2008,11 16 35 36 54 56,2,49
08/09/2008,02 08 17 18 40 47,23,7
08/13/2008,08 13 34 44 53 58,10,36
08/16/2008,15 20 24 25 42 43,6,35
08/20/2008,14 20 30 38 40 59,31,24
08/23/2008,09 27 30 34 50 53,45,18
08/27/2008,08 21 32 34 37 44,18,12
08/30/2008,18 20 22 28 40 56,21,33
09/03/2008,14 32 40 41 54 57,34,35
09/06/2008,03 24 35 42 44 50,58,43
09/10/2008,07 13 16 40 41 47,49,20
09/13/2008,07 14 26 27 39 41,53,21
09/17/2008,14 15 23 37 40 57,54,39
09/20/2008,12 13 17 26 35 43,37,31
09/24/2008,01 19 21 49 50 58,41,52
09/27/2008,02 08 13 43 45 53,51,28
10/01/2008,17 31 45 48 49 55,1,16
10/04/2008,15 23 32 41 46 51,29,14
10/08/2008,18 30 31 34 49 54,19,47
10/11/2008,08 10 16 19 38 54,46,59
10/15/2008,10 11 25 43 51 55,18,38
10/18/2008,05 22 27 41 53 56,46,59
10/22/2008,03 14 28 32 44 50,12,33
10/25/2008,13 15 16 20 21 34,40,56
10/29/2008,01 13 14 27 31 51,56,41
11/01/2008,12 24 26 44 47 52,48,29
11/05/2008,15 33 47 53 55 58,42,30
11/08/2008,15 28 31 33 44 58,32,23
11/12/2008,01 13 14 29 32 38,25,52
11/15/2008,01 08 27 42 44 49,17,18
11/19/2008,06 07 32 41 42 52,57,55
11/22/2008,07 09 12 42 43 59,1,21
11/26/2008,07 11 19 21 23 37,32,52
11/29/2008,16 19 22 47 48 56,58,8
12/03/2008,31 36 38 41 44 48,13,43
12/06/2008,25 28 29 35 51 55,10,43
12/10/2008,16 20 25 36 46 54,5,33
12/13/2008,08 16 27 35 37 41,14,12
12/17/2008,11 12 19 32 34 59,25,37
12/20/2008,07 09 11 24 41 57,37,2
12/24/2008,08 15 28 37 40 47,1,54
12/27/2008,11 26 31 36 53 58,37,42
12/31/2008,02 07 13 26 32 47,45,39
01/03/2009,28 35 39 46 52 57,2,6
01/07/2009,12 17 38 48 55 57,58,21
01/10/2009,16 17 43 47 48 51,20,32
01/14/2009,10 13 16 19 33 57,55,40
01/17/2009,05 12 16 45 48 54,53,49
01/21/2009,17 22 23 28 41 53,7,52
01/24/2009,12 20 26 31 57 59,25,22
01/28/2009,01 10 18 31 34 42,46,53
01/31/2009,23 26 29 31 40 58,44,51
02/04/2009,12 16 24 40 44 48,54,53
02/07/2009,01 23 31 35 44 50,51,8
02/11/2009,10 11 16 24 42 54,28,37
02/14/2009,03 34 37 38 46 59,25,16
02/18/2009,04 38 39 45 46 47,3,27
02/21/2009,04 11 35 52 56 57,30,43
02/25/2009,01 02 22 23 30 32,8,5
02/28/2009,01 29 36 42 55 56,12,30
03/04/2009,03 18 25 33 39 46,47,2
03/07/2009,14 25 28 36 49 59,54,20
03/11/2009,02 08 12 27 30 37,56,49
03/14/2009,04 18 36 42 43 47,11,15
03/18/2009,09 19 21 22 28 32,26,48
03/21/2009,02 05 08 29 33 50,56,52
03/25/2009,09 12 35 36 47 55,56,34
03/28/2009,11 47 52 56 57 59,3,41
04/01/2009,05 07 12 20 37 53,46,18
04/04/2009,10 14 20 33 46 55,52,22
04/08/2009,05 06 21 35 38 51,58,30
04/11/2009,08 14 15 31 50 56,48,44
04/15/2009,12 25 29 30 37 53,5,42
04/18/2009,01 18 34 44 50 51,13,9
04/22/2009,09 11 20 23 39 53,50,52
04/25/2009,02 07 18 29 31 49,19,54
04/29/2009,01 02 10 28 35 36,24,34
05/02/2009,01 08 19 28 46 48,32,2
05/06/2009,03 29 32 45 46 50,36,27
05/09/2009,02 06 35 39 46 47,13,33
05/13/2009,04 24 38 40 47 48,25,18
05/16/2009,11 19 30 45 55 56,31,7
05/20/2009,07 09 19 25 36 50,30,58
05/23/2009,18 23 29 35 42 59,21,27
05/27/2009,16 29 30 43 44 50,45,8
05/30/2009,06 11 13 15 25 27,39,58
06/03/2009,08 14 15 40 45 49,48,19
06/06/2009,07 18 27 31 39 45,54,29
06/10/2009,11 26 36 42 46 56,20,27
06/13/2009,33 35 37 47 48 58,21,40
06/17/2009,22 40 42 43 45 55,48,1
06/20/2009,12 21 28 37 44 58,26,16
06/24/2009,19 29 35 42 49 59,30,9
06/27/2009,19 36 38 42 43 45,20,29
07/01/2009,02 35 40 55 56 59,3,12
07/04/2009,01 19 33 42 47 49,2,14
07/08/2009,03 05 07 09 39 54,56,15
07/11/2009,08 12 25 32 52 58,50,47
07/15/2009,07 19 26 28 35 44,25,24
07/18/2009,05 12 16 18 20 41,51,46
07/22/2009,07 18 29 35 37 42,4,9
07/25/2009,02 08 21 34 35 40,59,53
07/29/2009,14 25 45 48 52 56,18,13
08/01/2009,05 13 19 25 40 54,57,36
08/05/2009,09 30 39 44 47 50,31,15
08/08/2009,10 21 28 32 43 53,14,38
08/12/2009,05 12 20 27 36 55,35,54
08/15/2009,01 08 35 39 45 49,7,53
08/19/2009,03 07 14 38 50 51,16,28
08/22/2009,22 32 34 43 55 56,48,18
08/26/2009,03 05 09 14 34 58,45,50
08/29/2009,07 29 34 49 53 57,25,10
09/02/2009,23 24 30 35 45 54,14,43
09/05/2009,07 26 29 31 38 47,8,33
09/09/2009,22 27 36 43 48 56,30,55
09/12/2009,19 22 27 45 50 52,17,8
09/16/2009,17 29 30 43 52 59,36,5
09/19/2009,09 22 43 47 51 53,32,41
09/23/2009,09 15 22 33 34 38,10,52
09/26/2009,17 22 25 42 49 59,47,55
09/30/2009,08 14 17 26 36 54,37,20
10/03/2009,26 28 37 38 57 58,1,4
10/07/2009,03 05 20 31 57 59,28,11
10/10/2009,19 23 36 37 38 42,10,56
10/14/2009,10 14 25 34 41 45,1,15
10/17/2009,03 16 17 36 51 58,26,42
10/21/2009,26 29 43 51 52 54,45,12
10/24/2009,04 05 10 16 48 53,15,51
10/28/2009,08 12 22 32 35 56,15,31
10/31/2009,02 15 17 21 24 42,41,28
11/04/2009,10 17 26 28 31 53,47,21
11/07/2009,16 20 47 53 54 55,45,27
11/11/2009,16 17 28 31 45 53,38,51
11/14/2009,04 11 28 34 42 43,35,57
11/18/2009,06 08 27 39 45 48,14,31
11/21/2009,16 23 26 30 32 53,37,52
11/25/2009,07 29 33 35 42 46,49,48
11/28/2009,09 39 45 49 57 59,26,32
12/02/2009,19 30 37 53 54 57,3,4
12/05/2009,11 21 26 39 43 54,48,52
12/09/2009,04 05 06 15 50 57,47,38
12/12/2009,08 16 33 36 43 52,15,48
12/16/2009,11 28 30 45 49 58,16,44
12/19/2009,12 15 20 32 36 44,47,14
12/23/2009,18 33 35 37 39 57,27,43
12/26/2009,02 18 32 35 51 52,48,50
12/30/2009,10 13 17 38 48 55,51,12
01/02/2010,04 28 29 37 43 56,52,38
01/06/2010,01 19 22 27 39 46,28,58
01/09/2010,09 15 21 23 31 46,5,30
01/13/2010,03 18 24 32 36 46,6,31
01/16/2010,19 21 27 39 48 49,53,16
01/20/2010,10 20 35 40 47 52,37,2
01/23/2010,06 18 27 40 51 55,52,7
01/27/2010,13 31 40 52 57 58,35,30
01/30/2010,08 12 29 32 40 47,35,13
02/03/2010,23 24 43 44 55 57,51,8
02/06/2010,02 11 32 42 47 48,28,54
02/10/2010,13 31 38 42 43 46,1,9
02/13/2010,27 45 46 52 53 55,18,58
02/17/2010,18 22 31 49 50 58,43,54
02/20/2010,28 35 36 43 44 53,37,51
02/24/2010,03 04 14 40 42 54,39,27
02/27/2010,03 04 05 30 40 43,1,51
03/03/2010,02 17 30 38 43 53,27,15
03/06/2010,03 05 06 14 22 38,43,24
03/10/2010,06 23 27 37 40 57,15,36
03/13/2010,11 19 25 29 30 55,27,59
03/17/2010,12 29 30 42 52 54,19,47
03/20/2010,07 19 27 29 30 35,50,14
03/24/2010,12 16 29 42 49 52,7,50
03/27/2010,01 13 17 42 47 53,26,36
03/31/2010,11 16 20 23 25 36,18,28
04/03/2010,09 12 13 14 27 46,38,50
04/07/2010,07 23 42 47 48 54,30,17
04/10/2010,08 24 44 53 54 59,31,40
04/14/2010,03 08 32 40 42 51,39,54
04/17/2010,08 13 25 34 46 54,48,36
04/21/2010,15 21 32 33 51 52,27,10
04/24/2010,02 07 08 42 44 48,43,24
04/28/2010,01 07 15 19 49 50,25,27
05/01/2010,04 05 12 23 43 56,13,33
05/05/2010,08 11 15 24 52 53,39,59
05/08/2010,07 31 33 38 45 46,43,16
05/12/2010,04 09 10 23 28 49,21,7
05/15/2010,08 20 28 52 58 59,27,17
05/19/2010,02 04 09 13 26 45,14,30
05/22/2010,01 14 19 22 52 58,16,57
05/26/2010,02 08 14 33 34 57,47,23
05/29/2010,04 18 23 29 30 36,19,24
06/02/2010,06 10 16 18 19 53,46,
06/05/2010,11 22 36 40 51 52,6,
06/09/2010,15 18 24 26 50 52,40,
06/12/2010,08 13 18 19 29 59,24,
06/16/2010,39 40 43 53 54 57,51,
06/19/2010,13 22 26 28 35 52,46,
06/23/2010,11 19 33 40 43 55,23,
06/26/2010,11 25 26 35 42 45,31,
06/30/2010,04 06 27 28 31 38,21,
07/03/2010,04 07 19 34 41 56,39,
07/07/2010,28 29 37 45 50 59,25,
07/10/2010,06 13 33 40 43 55,7,
07/14/2010,09 23 34 37 53 56,47,
07/17/2010,05 09 15 16 34 48,27,
07/21/2010,22 28 35 39 52 55,11,
07/24/2010,06 12 27 34 53 58,52,
07/28/2010,03 08 12 15 31 51,1,
07/31/2010,05 18 26 41 49 56,20,
08/04/2010,03 07 18 36 44 53,30,
08/07/2010,05 16 29 42 46 51,7,
08/11/2010,09 21 28 30 35 51,27,
08/14/2010,08 13 28 30 33 36,6,
08/18/2010,15 17 18 33 40 45,26,
08/21/2010,01 09 20 21 27 52,55,
08/25/2010,09 12 26 49 52 55,47,
08/28/2010,09 22 24 42 45 57,19,
09/01/2010,08 16 19 25 45 48,21,
09/04/2010,07 15 18 30 42 57,35,
09/08/2010,02 03 21 25 45 53,44,
09/11/2010,08 16 37 39 45 48,36,
09/15/2010,03 17 37 44 46 57,14,
09/18/2010,21 23 26 42 51 58,28,
09/22/2010,04 18 21 30 44 59,43,
09/25/2010,07 25 37 44 52 58,11,
09/29/2010,08 13 20 35 41 52,42,
10/02/2010,04 42 47 55 56 57,37,
10/06/2010,12 28 34 45 46 56,8,
10/09/2010,08 13 15 16 39 53,33,
10/13/2010,11 16 23 43 47 51,50,
10/16/2010,01 11 13 14 27 40,52,
10/20/2010,02 43 48 50 53 54,58,
10/23/2010,01 08 31 40 49 58,59,
10/27/2010,12 13 24 35 39 41,11,
10/30/2010,07 09 23 30 38 51,52,
11/03/2010,02 15 27 28 31 35,58,
11/06/2010,01 13 23 24 45 50,17,
11/10/2010,12 27 39 41 45 51,50,
11/13/2010,06 10 18 29 45 53,23,
11/17/2010,03 15 27 33 39 46,17,
11/20/2010,17 29 42 45 47 52,46,
11/24/2010,17 21 32 50 55 59,22,
11/27/2010,01 10 13 17 21 58,23,
12/01/2010,15 24 27 55 56 58,51,
12/04/2010,05 11 17 26 50 55,45,
12/08/2010,08 15 21 28 53 56,45,
12/11/2010,16 18 21 24 34 41,39,
12/15/2010,04 21 27 32 33 36,22,
12/18/2010,23 34 36 40 52 53,25,
12/22/2010,04 05 18 27 38 48,31,
12/24/2010,01 04 26 40 44 55,25,
12/29/2010,12 28 31 41 42 59,17,
01/01/2011,14 16 18 23 27 54,57,
01/05/2011,04 06 11 18 20 33,13,
01/08/2011,11 38 44 48 53 54,20,
01/12/2011,01 15 19 32 46 50,34,
01/15/2011,01 11 13 47 51 54,27,
01/19/2011,16 23 29 36 38 57,41,
01/22/2011,07 16 36 50 52 57,15,
01/26/2011,02 10 19 22 23 46,9,
01/29/2011,01 16 19 31 34 53,23,
02/02/2011,02 12 16 17 40 57,26,
02/05/2011,04 11 13 19 36 51,29,
02/09/2011,17 18 32 33 36 50,16,
02/12/2011,08 16 21 36 41 44,23,
02/16/2011,05 15 18 40 42 47,24,
02/19/2011,08 23 33 34 52 58,15,
02/23/2011,08 15 20 41 43 48,26,
02/26/2011,13 18 23 24 30 54,1,
03/02/2011,01 05 40 44 56 57,39,
03/05/2011,15 17 27 37 40 49,51,
03/09/2011,05 06 11 47 50 51,26,
03/12/2011,13 15 16 26 38 44,49,
03/16/2011,15 19 22 23 30 54,51,
03/19/2011,01 14 24 31 42 51,52,
03/23/2011,04 21 30 36 40 46,47,
03/26/2011,09 23 27 37 41 45,43,
03/30/2011,06 24 28 34 41 55,16,
04/02/2011,15 18 19 24 41 59,10,
04/06/2011,12 19 25 38 50 55,23,
04/09/2011,11 19 20 23 26 38,42,
04/13/2011,03 10 30 35 37 39,25,
04/16/2011,02 08 20 42 54 59,55,
04/20/2011,08 16 17 29 39 56,50,
04/23/2011,08 15 19 37 48 59,28,
04/27/2011,16 22 24 33 37 42,29,
04/30/2011,05 13 18 25 45 50,33,
05/04/2011,13 21 35 41 46 55,26,
05/07/2011,13 15 20 28 36 56,58,
05/11/2011,04 14 17 23 36 53,32,
05/14/2011,17 30 34 36 42 57,29,
05/18/2011,04 08 11 13 31 36,29,
05/21/2011,04 17 39 51 52 53,24,
05/25/2011,04 07 17 40 42 44,12,
05/28/2011,02 03 07 09 12 57,14,
06/01/2011,32 38 44 45 55 57,6,
06/04/2011,03 04 23 27 46 55,9,
06/08/2011,11 14 26 29 33 44,6,
06/11/2011,03 12 22 28 43 59,13,
06/15/2011,09 13 14 29 32 51,43,
06/18/2011,06 11 21 45 55 57,44,
06/22/2011,29 38 39 43 53 57,47,
06/25/2011,13 27 29 33 40 45,5,
06/29/2011,13 15 21 24 28 45,59,
07/02/2011,06 09 10 19 39 47,55,
07/06/2011,01 03 13 18 41 59,56,
07/09/2011,09 14 35 44 55 58,4,
07/13/2011,11 22 36 39 45 50,42,
07/16/2011,01 10 18 29 43 46,40,
07/20/2011,03 22 41 42 45 47,13,
07/23/2011,02 39 41 53 54 56,46,
07/27/2011,07 13 14 28 38 43,20,
07/30/2011,05 10 19 22 36 39,27,
08/03/2011,05 07 10 22 27 54,43,
08/06/2011,12 18 32 40 50 52,59,
08/10/2011,15 22 33 42 48 53,30,
08/13/2011,13 14 17 25 34 48,37,
08/17/2011,18 20 34 37 42 56,5,
08/20/2011,02 09 19 42 43 54,8,
08/24/2011,05 27 28 31 48 58,52,
08/27/2011,01 14 24 25 50 58,9,
08/31/2011,05 21 31 35 41 55,50,
09/03/2011,05 08 25 31 45 59,56,
09/07/2011,14 16 19 30 37 40,57,
09/10/2011,06 08 11 35 38 56,28,
09/14/2011,09 15 19 27 46 54,42,
09/17/2011,14 16 31 38 43 54,30,
09/21/2011,25 26 28 35 49 55,22,
09/24/2011,06 08 17 22 27 28,3,
09/28/2011,02 11 12 21 36 50,4,
10/01/2011,15 16 34 35 44 54,58,
10/05/2011,03 05 11 12 17 27,38,
10/08/2011,01 23 24 25 36 52,16,
10/12/2011,04 25 26 36 47 55,45,
10/15/2011,05 18 21 43 48 49,36,
10/19/2011,12 24 33 46 54 59,37,
10/22/2011,15 18 28 35 52 55,20,
10/26/2011,01 05 22 25 35 45,19,
10/29/2011,07 08 12 37 38 55,15,
11/02/2011,03 04 38 46 48 55,49,
11/05/2011,01 13 15 19 20 33,23,
11/09/2011,06 18 51 52 53 55,16,
11/12/2011,08 24 32 36 40 42,56,
11/16/2011,07 23 24 43 50 53,19,
11/19/2011,08 16 27 30 37 57,9,
11/23/2011,13 17 26 27 55 58,30,
11/26/2011,09 17 19 44 46 53,7,
11/30/2011,10 11 15 17 23 26,42,
12/03/2011,12 20 30 50 54 55,13,
12/07/2011,10 20 28 29 51 52,6,
12/10/2011,08 27 32 44 54 55,59,
12/14/2011,01 06 07 12 14 55,30,
12/17/2011,01 17 27 28 39 45,19,
12/21/2011,01 15 38 41 50 52,27,
12/24/2011,06 16 25 30 38 55,41,
12/28/2011,21 24 26 41 53 57,1,
12/31/2011,11 13 21 35 44 54,47,
01/04/2012,01 20 21 27 37 38,30,
01/07/2012,06 08 26 27 36 48,34,
01/11/2012,20 33 49 51 52 56,17,
01/14/2012,10 22 23 40 46 52,39,
01/18/2012,04 09 15 29 39 55,20,
01/21/2012,08 21 36 39 58 59,12,
01/25/2012,01 06 11 13 23 24,22,
01/28/2012,04 15 22 41 50 55,17,
02/01/2012,04 06 20 31 39 54,43,
02/04/2012,03 06 33 36 51 56,41,
02/08/2012,12 13 19 22 47 48,49,
02/11/2012,02 18 29 38 46 59,49,
02/15/2012,01 13 16 25 40 43,10,
02/18/2012,09 17 35 43 45 53,6,
02/22/2012,06 15 31 48 53 57,29,
02/25/2012,04 08 12 23 34 53,21,
02/29/2012,14 33 35 39 44 57,20,
03/03/2012,29 30 31 35 47 57,59,
03/07/2012,01 04 18 25 33 37,47,
03/10/2012,05 16 18 21 24 54,47,
03/14/2012,07 17 24 39 48 55,11,
03/17/2012,02 06 10 20 43 58,23,
03/21/2012,01 03 25 26 49 52,51,
03/24/2012,05 13 14 16 22 25,1,
03/28/2012,23 31 37 45 46 51,8,
03/31/2012,01 14 20 28 35 40,45,
04/04/2012,05 29 30 31 46 59,37,
04/07/2012,04 17 27 34 53 54,3,
04/11/2012,21 32 37 43 48 57,56,
04/14/2012,03 09 41 45 51 57,29,
04/18/2012,11 27 30 36 46 49,57,
04/21/2012,03 05 19 24 33 53,35,
04/25/2012,06 08 32 44 47 50,20,
04/28/2012,03 32 40 46 50 56,34,
05/02/2012,02 08 26 41 47 55,21,
05/05/2012,01 04 18 39 42 54,27,
05/09/2012,01 06 13 26 40 55,15,
05/12/2012,10 24 28 35 43 55,31,
05/16/2012,08 12 16 27 42 52,9,
05/19/2012,02 17 22 30 35 49,45,
05/23/2012,01 06 09 22 35 41,3,
05/26/2012,08 12 19 24 32 53,15,
05/30/2012,10 17 23 27 30 50,44,
06/02/2012,07 17 25 28 48 49,22,
06/06/2012,07 08 39 44 50 54,15,
06/09/2012,07 10 28 43 47 48,4,
06/13/2012,23 36 38 39 42 44,56,
06/16/2012,20 34 36 40 41 51,43,
06/20/2012,15 24 32 34 43 57,29,
06/23/2012,01 11 14 26 28 56,16,
06/27/2012,05 06 14 44 52 54,42,
06/30/2012,08 09 21 26 35 38,57,
07/04/2012,05 14 28 35 50 53,13,
07/07/2012,06 10 19 22 37 43,13,
07/11/2012,23 25 31 36 42 59,22,
07/14/2012,11 18 20 31 44 46,59,
07/18/2012,19 25 37 51 55 56,23,
07/21/2012,30 34 42 50 53 55,25,
07/25/2012,01 04 12 30 40 48,21,
07/28/2012,12 19 36 43 47 51,4,
08/01/2012,01 05 07 32 55 56,51,
08/04/2012,11 13 21 35 48 55,17,
08/08/2012,07 09 27 44 46 56,3,
08/11/2012,14 24 25 34 42 43,18,
08/15/2012,05 21 44 45 51 56,38,
08/18/2012,05 06 07 15 26 42,52,
08/22/2012,18 27 30 35 49 53,42,
08/25/2012,10 30 32 48 50 52,5,
08/29/2012,02 11 20 31 48 54,43,
09/01/2012,01 11 33 48 50 52,53,
09/05/2012,02 14 37 43 44 49,40,
09/08/2012,02 09 25 31 39 42,49,
09/12/2012,11 20 30 36 53 54,8,
09/15/2012,04 05 27 33 38 46,7,
09/19/2012,09 36 38 43 46 49,26,
09/22/2012,03 19 23 43 46 49,34,
09/26/2012,17 20 33 35 37 49,38,
09/29/2012,06 24 41 42 49 55,22,
10/03/2012,22 24 37 45 52 56,17,
10/06/2012,26 27 28 32 47 59,53,
10/10/2012,02 06 15 32 50 53,12,
10/13/2012,01 06 08 28 35 42,56,
10/17/2012,02 05 07 27 28 53,39,
10/20/2012,04 09 25 26 32 35,27,
10/24/2012,05 08 14 37 42 55,25,
10/27/2012,03 08 34 41 54 55,26,
10/31/2012,12 15 32 44 51 56,3,
11/03/2012,05 16 18 25 41 55,32,
11/07/2012,12 17 21 23 26 51,34,
11/10/2012,06 14 17 24 41 59,29,
11/14/2012,17 24 27 28 50 55,30,
11/17/2012,08 21 27 28 50 53,2,
11/21/2012,02 03 16 17 23 43,35,
11/24/2012,20 31 33 41 48 56,50,
11/28/2012,10 11 30 40 42 59,37,
12/01/2012,30 35 39 48 50 59,5,
12/05/2012,06 10 16 24 33 39,30,
12/08/2012,15 23 24 31 36 41,30,
12/12/2012,02 05 27 32 38 50,51,
12/15/2012,05 15 33 39 43 52,48,
12/19/2012,12 21 29 33 42 54,39,
12/22/2012,16 19 20 22 25 55,51,
12/26/2012,06 12 14 32 56 59,13,
12/29/2012,10 13 22 30 40 57,7,
01/02/2013,02 03 08 12 31 55,32,
01/05/2013,03 08 26 38 51 58,49,
01/09/2013,02 21 29 35 40 43,8,
01/12/2013,05 25 36 44 47 49,3,
01/16/2013,06 15 22 30 42 56,3,
01/19/2013,04 07 11 44 54 56,14,
01/23/2013,07 08 12 29 43 51,26,
01/26/2013,05 14 22 28 30 31,37,
01/30/2013,09 22 35 47 48 57,59,
02/02/2013,09 20 35 51 55 59,48,
02/06/2013,01 16 17 22 27 36,49,
02/09/2013,09 18 20 40 46 55,41,
02/13/2013,03 23 31 32 44 50,5,
02/16/2013,04 11 18 27 31 45,6,
02/20/2013,07 15 18 24 36 41,3,
02/23/2013,01 13 16 24 32 57,27,
02/27/2013,19 31 37 40 43 54,4,
03/02/2013,03 09 10 33 48 51,49,
03/06/2013,02 13 22 30 47 56,31,
03/09/2013,05 23 26 27 30 53,14,
03/13/2013,12 17 21 30 50 59,33,
03/16/2013,19 37 39 47 51 53,28,
03/20/2013,11 20 21 26 43 58,9,
03/23/2013,05 26 27 31 38 49,9,
03/27/2013,23 34 41 48 57 59,26,
03/30/2013,11 19 31 37 54 59,51,
04/03/2013,01 18 20 33 35 46,14,
04/06/2013,13 15 36 46 47 53,42,
04/10/2013,15 18 31 44 51 53,24,
04/13/2013,01 02 05 08 45 48,40,
04/17/2013,09 19 26 33 34 51,8,
04/20/2013,12 15 27 43 49 53,36,
04/24/2013,03 08 25 35 49 50,36,
04/27/2013,29 31 38 42 52 58,36,
05/01/2013,10 17 19 42 44 49,53,
05/04/2013,10 17 24 25 52 53,13,
05/08/2013,15 25 32 33 39 48,11,
05/11/2013,14 25 42 47 51 56,16,
05/15/2013,03 16 34 36 47 50,21,
05/18/2013,02 03 07 14 15 43,28,
05/22/2013,06 07 33 37 48 53,40,
05/25/2013,16 23 25 35 39 55,6,
05/29/2013,08 23 25 26 45 51,50,
06/01/2013,04 05 19 36 43 47,24,
06/05/2013,08 21 24 43 48 53,29,
06/08/2013,09 17 35 42 53 57,22,
06/12/2013,03 12 13 17 31 34,36,
06/15/2013,02 07 10 33 39 44,54,
06/19/2013,02 11 19 20 26 52,5,
06/22/2013,19 36 37 44 54 55,11,
06/26/2013,07 19 23 44 45 56,58,
06/29/2013,03 07 12 13 18 20,29,
07/03/2013,11 13 15 26 40 58,42,
07/06/2013,01 11 22 45 57 58,14,
07/10/2013,06 12 16 38 44 52,49,
07/13/2013,02 09 14 16 23 27,49,
07/17/2013,25 29 40 41 49 56,59,
07/20/2013,08 24 43 45 54 56,36,
07/24/2013,02 15 17 39 51 52,5,
07/27/2013,12 17 20 23 40 58,21,
07/31/2013,09 19 20 42 46 55,28,
08/03/2013,09 11 17 25 42 44,10,
08/07/2013,05 06 09 13 34 50,56,
08/10/2013,12 23 30 31 46 52,59,
08/14/2013,07 11 19 38 51 54,47,
08/17/2013,10 17 18 49 58 59,57,
08/21/2013,11 12 31 38 48 57,44,
08/24/2013,16 25 40 46 55 58,15,
08/28/2013,02 12 28 43 52 57,35,
08/31/2013,05 08 18 25 34 55,12,
09/04/2013,25 26 27 32 35 50,12,
09/07/2013,02 14 18 29 36 55,21,
09/11/2013,01 12 15 18 41 51,48,
09/14/2013,04 10 27 46 52 56,50,
09/18/2013,04 11 12 20 22 49,21,
09/21/2013,08 11 22 39 46 55,48,
09/25/2013,05 11 16 27 28 59,51,
09/28/2013,01 03 13 28 36 41,46,
10/02/2013,01 05 13 35 51 52,10,
10/05/2013,04 11 43 44 52 57,33,
10/09/2013,27 35 42 45 55 59,26,
10/12/2013,08 13 22 26 44 58,4,
10/16/2013,07 15 21 33 35 46,36,
10/19/2013,02 09 20 22 55 57,47,
10/23/2013,04 05 12 21 52 58,14,
10/26/2013,06 10 16 21 29 54,51,
10/30/2013,14 16 27 29 52 58,6,
11/02/2013,05 16 17 37 51 57,19,
11/06/2013,04 11 14 20 34 44,12,
11/09/2013,05 06 24 25 28 33,20,
11/13/2013,10 18 33 40 45 46,48,
11/16/2013,27 30 32 44 58 59,39,
11/20/2013,03 04 28 31 50 58,43,
11/23/2013,03 05 09 15 27 29,59,
11/27/2013,06 22 28 42 50 55,17,
11/30/2013,13 25 33 35 36 59,3,
12/04/2013,34 42 43 44 48 55,45,
12/07/2013,05 13 31 33 38 39,26,
12/11/2013,01 08 15 17 26 56,19,
12/14/2013,04 15 19 20 21 28,56,
12/18/2013,10 14 26 33 39 48,50,
12/21/2013,03 04 16 22 58 59,18,
12/25/2013,22 27 28 38 46 55,6,
12/28/2013,20 26 36 43 45 58,34,
01/01/2014,09 14 24 26 35 55,46,
01/04/2014,17 25 30 37 39 42,45,
01/08/2014,01 03 09 28 53 55,4,
01/11/2014,17 19 31 34 44 50,1,
01/15/2014,12 25 45 50 55 56,28,
01/18/2014,01 06 19 44 48 54,14,
01/22/2014,05 08 16 36 51 52,20,
01/25/2014,13 16 17 22 27 55,46,
01/29/2014,17 24 27 28 31 34,56,
02/01/2014,14 18 25 35 38 53,44,
02/05/2014,02 13 17 19 30 43,35,
02/08/2014,01 05 20 35 36 40,50,
02/12/2014,04 10 19 31 40 58,51,
02/15/2014,02 10 17 31 35 41,33,
02/19/2014,02 09 10 31 40 52,30,
02/22/2014,09 10 29 38 40 46,17,
02/26/2014,08 12 33 36 47 55,43,
03/01/2014,03 14 37 44 50 59,27,
03/05/2014,17 18 20 21 32 42,51,
03/08/2014,02 10 15 31 34 56,14,
03/12/2014,09 11 14 16 49 57,55,
03/15/2014,06 29 30 34 44 49,4,
03/19/2014,04 12 30 55 56 59,15,
03/22/2014,02 07 24 36 53 57,56,
03/26/2014,04 10 11 18 25 28,27,
03/29/2014,07 29 30 37 42 53,26,
04/02/2014,08 12 33 40 43 48,47,
04/05/2014,03 06 09 19 31 41,21,
04/09/2014,02 10 19 27 30 35,22,
04/12/2014,07 10 14 41 43 59,25,
04/16/2014,11 12 19 49 55 59,24,
04/19/2014,07 10 34 38 57 59,31,
04/23/2014,23 37 41 43 45 47,8,
04/26/2014,02 11 12 47 49 57,20,
04/30/2014,09 10 12 23 52 58,14,
05/03/2014,06 19 21 26 41 57,38,
05/07/2014,20 21 29 32 45 48,41,
05/10/2014,08 22 24 44 50 57,53,
05/14/2014,02 03 12 14 16 38,9,
05/17/2014,04 05 19 21 23 29,59,
05/21/2014,07 27 30 45 50 53,14,
05/24/2014,15 17 26 37 43 57,51,
05/28/2014,04 05 28 33 41 46,12,
05/31/2014,02 12 19 29 46 50,54,
06/04/2014,01 28 38 57 58 59,54,
06/07/2014,03 09 21 29 52 58,15,
06/11/2014,01 22 32 37 57 59,3,
06/14/2014,15 25 33 42 53 57,29,
06/18/2014,06 09 22 39 41 44,37,
06/21/2014,09 19 31 54 57 59,58,
06/25/2014,03 12 18 25 39 43,26,
06/28/2014,15 28 49 50 53 56,54,
07/02/2014,02 18 25 28 30 35,13,
07/05/2014,05 09 23 34 44 59,33,
07/09/2014,07 09 24 26 48 49,14,
07/12/2014,09 12 17 38 45 46,51,
07/16/2014,19 20 25 29 30 55,39,
07/19/2014,28 32 36 37 39 47,50,
07/23/2014,15 23 29 39 40 51,38,
07/26/2014,05 11 19 24 52 54,22,
07/30/2014,09 10 21 43 44 50,58,
08/02/2014,03 10 42 46 52 53,48,
08/06/2014,05 17 31 37 44 55,50,
08/09/2014,04 17 18 34 39 56,59,
08/13/2014,04 11 16 17 31 59,5,
08/16/2014,03 06 31 48 50 53,15,
08/20/2014,03 10 11 15 16 54,19,
08/23/2014,06 15 22 37 41 45,49,
08/27/2014,03 06 14 17 45 48,23,
08/30/2014,19 22 29 33 37 54,25,
09/03/2014,02 21 34 41 52 59,32,
09/06/2014,05 07 45 48 54 59,35,
09/10/2014,02 09 10 22 35 42,23,
09/13/2014,04 05 10 11 44 47,40,
09/17/2014,08 17 27 30 34 53,52,
09/20/2014,07 22 23 27 50 58,57,
09/24/2014,09 10 25 26 35 44,37,
09/27/2014,23 31 34 41 47 53,14,
10/01/2014,03 06 11 30 43 59,23,
10/04/2014,13 21 38 39 41 57,22,
10/08/2014,08 14 26 27 44 53,7,
10/11/2014,04 28 30 32 42 46,12,
10/15/2014,02 06 25 35 56 59,37,
10/18/2014,11 20 21 31 37 41,30,
10/22/2014,10 13 21 35 43 56,51,
10/25/2014,02 15 23 29 30 49,38,
10/29/2014,14 27 43 45 46 50,22,
11/01/2014,27 29 30 42 48 59,25,
11/05/2014,01 11 22 34 35 50,20,
11/08/2014,02 17 23 26 50 58,10,
11/12/2014,07 20 26 27 40 52,14,
11/15/2014,01 12 30 38 39 51,14,
11/19/2014,12 27 30 32 43 50,42,
11/22/2014,07 08 19 31 39 52,1,
11/26/2014,08 22 38 48 50 52,21,
11/29/2014,05 16 17 25 27 31,32,
12/03/2014,01 27 42 54 56 58,17,
12/06/2014,21 30 33 41 50 58,8,
12/10/2014,15 31 32 46 48 53,1,
12/13/2014,25 32 45 51 54 55,39,
12/17/2014,03 14 36 42 45 48,54,
12/20/2014,09 17 20 27 32 42,19,
12/24/2014,08 15 23 50 52 58,28,
12/27/2014,24 28 39 45 46 47,33,
12/31/2014,04 06 34 38 52 59,28,
01/03/2015,22 23 28 30 41 45,43,
01/07/2015,05 11 21 24 34 55,32,
01/10/2015,11 19 35 37 51 52,56,
01/14/2015,02 15 16 29 37 53,40,
01/17/2015,02 31 47 48 50 52,53,
01/21/2015,12 19 35 41 56 58,29,
01/24/2015,03 06 30 41 45 56,54,
01/28/2015,19 24 36 37 47 53,1,
01/31/2015,03 05 09 21 23 24,58,
02/04/2015,11 17 20 27 45 54,7,
02/07/2015,04 09 17 18 21 52,43,
02/11/2015,22 24 37 39 44 48,34,
02/14/2015,13 16 20 22 47 57,48,
02/18/2015,14 15 29 53 55 59,18,
02/21/2015,08 21 23 50 52 53,57,
02/25/2015,15 27 46 52 53 59,26,
02/28/2015,04 21 26 27 53 57,16,
03/04/2015,05 26 34 36 44 57,55,
03/07/2015,11 20 23 29 53 58,51,
03/11/2015,03 05 28 34 37 53,1,
03/14/2015,17 29 35 37 44 47,4,
03/18/2015,04 11 24 33 45 47,31,
03/21/2015,02 12 16 22 28 31,27,
03/25/2015,10 11 23 45 51 52,48,
03/28/2015,01 03 24 43 48 52,2,
04/01/2015,08 13 26 27 32 35,46,
04/04/2015,13 25 27 50 51 58,1,
04/08/2015,14 39 41 48 55 56,40,
04/11/2015,11 15 28 31 40 44,22,
04/15/2015,23 35 37 52 55 58,26,
04/18/2015,05 24 29 33 48 53,3,
04/22/2015,02 04 14 20 33 49,56,
04/25/2015,09 18 24 34 49 58,44,
04/29/2015,13 20 33 52 54 56,39,
05/02/2015,05 15 24 31 52 59,20,
05/06/2015,05 11 28 31 34 54,25,
05/09/2015,02 20 35 37 41 52,22,
05/13/2015,03 28 37 38 44 59,48,
05/16/2015,01 20 28 30 34 49,7,
05/20/2015,05 08 18 36 48 53,38,
05/23/2015,15 16 17 26 49 55,18,
05/27/2015,02 09 21 25 45 54,14,
05/30/2015,03 06 13 27 31 58,24,
06/03/2015,22 23 28 39 51 52,30,
06/06/2015,16 22 26 35 50 54,25,
06/10/2015,05 18 21 22 28 31,3,
06/13/2015,19 32 41 44 50 59,49,
06/17/2015,02 04 18 39 55 56,16,
06/20/2015,04 21 24 34 36 54,49,
06/24/2015,07 16 32 46 54 55,29,
06/27/2015,11 17 26 29 36 45,7,
07/01/2015,10 15 27 38 39 41,29,
07/04/2015,07 18 19 29 43 51,2,
07/08/2015,07 13 19 27 31 52,33,
07/11/2015,17 18 20 26 39 41,3,
07/15/2015,06 07 08 13 33 55,41,
07/18/2015,05 10 16 17 46 48,13,
07/22/2015,08 13 20 44 50 55,26,
07/25/2015,04 08 11 18 33 54,27,
07/29/2015,02 15 18 20 47 58,12,
08/01/2015,05 09 13 31 40 54,8,
08/05/2015,16 21 24 35 43 47,27,
08/08/2015,06 21 27 41 43 56,42,
08/12/2015,06 09 16 21 36 44,3,
08/15/2015,02 21 40 42 49 53,20,
08/19/2015,05 11 23 25 48 58,24,
08/22/2015,01 12 22 31 50 58,37,
08/26/2015,03 24 31 33 41 48,30,
08/29/2015,15 17 25 33 34 37,36,
09/02/2015,08 19 22 31 41 58,2,
09/05/2015,08 12 13 29 43 56,53,
09/09/2015,02 05 08 24 28 41,7,
09/12/2015,13 36 39 40 41 46,31,
09/16/2015,02 31 36 40 46 51,7,
09/19/2015,01 04 20 32 41 58,25,
09/23/2015,01 07 30 31 42 44,27,
09/26/2015,12 14 23 42 55 58,13,
09/30/2015,02 03 23 31 37 55,26,
10/03/2015,08 39 41 54 57 59,18,
10/07/2015,01 09 13 35 49 59,26,
10/10/2015,02 17 26 39 40 41,21,
10/14/2015,13 35 42 47 48 58,52,
10/17/2015,01 09 11 16 19 22,37,
10/21/2015,01 07 10 12 43 48,46,
10/24/2015,01 09 45 51 55 57,31,
10/28/2015,01 16 18 25 28 55,31,
10/31/2015,01 03 12 13 26 49,51,
11/04/2015,12 14 21 45 50 55,53,
11/07/2015,07 12 14 23 37 53,25,
11/11/2015,05 08 09 17 28 48,19,
11/14/2015,03 09 11 16 20 38,17,
11/18/2015,03 30 31 35 37 52,22,
11/21/2015,22 25 34 40 45 46,56,
11/25/2015,13 32 35 42 52 54,9,
11/28/2015,06 14 25 39 44 48,33,
12/02/2015,03 18 26 28 41 53,32,
12/05/2015,05 07 13 17 38 42,18,
12/09/2015,04 05 12 21 32 41,18,
12/12/2015,09 10 11 19 41 58,6,
12/16/2015,15 16 23 30 43 54,59,
12/19/2015,04 17 18 31 34 58,5,
12/23/2015,03 05 08 13 47 55,53,
12/26/2015,16 18 22 28 35 46,55,
12/30/2015,04 11 18 37 51 59,45,
01/02/2016,05 11 28 32 34 35,6,
01/06/2016,21 22 29 32 39 47,15,
01/09/2016,01 10 13 26 33 53,48,
01/13/2016,20 31 34 40 42 54,11,
01/16/2016,09 23 39 41 48 52,56,
01/20/2016,10 16 17 21 33 58,18,
01/23/2016,01 17 21 35 51 52,53,
01/27/2016,10 36 46 48 54 56,30,
01/30/2016,01 24 27 43 48 50,7,
02/03/2016,13 14 20 34 41 49,3,
02/06/2016,01 14 25 37 41 53,44,
02/10/2016,11 14 21 28 40 49,51,
02/13/2016,05 11 15 33 39 40,58,
02/17/2016,04 19 25 46 52 55,40,
02/20/2016,02 24 26 36 43 55,5,
02/24/2016,01 12 15 24 35 41,42,
02/27/2016,01 02 08 17 25 43,37,
03/02/2016,27 35 36 43 52 54,21,
03/05/2016,09 37 38 41 46 58,15,
03/09/2016,15 22 23 30 36 38,19,
03/12/2016,06 09 12 15 22 37,32,
03/16/2016,04 07 09 20 52 57,2,
03/19/2016,07 17 30 46 53 55,50,
03/23/2016,04 08 15 29 40 56,2,
03/26/2016,13 24 44 48 56 59,38,
03/30/2016,06 09 34 44 54 59,36,
04/02/2016,08 10 24 28 40 52,29,
04/06/2016,03 05 10 50 54 57,13,
04/09/2016,03 19 23 42 45 56,1,
04/13/2016,12 23 25 29 42 46,9,
04/16/2016,07 14 15 30 41 50,47,
04/20/2016,08 10 22 23 32 34,37,
04/23/2016,08 16 21 23 39 43,1,
04/27/2016,20 31 41 43 48 59,46,
04/30/2016,01 20 25 30 31 57,46,
05/04/2016,16 18 26 44 49 51,8,
05/07/2016,05 12 18 33 56 57,51,
05/11/2016,08 30 31 32 36 49,23,
05/14/2016,03 08 25 43 47 58,12,
05/18/2016,19 26 42 47 49 59,17,
05/21/2016,11 28 43 48 51 59,29,
05/25/2016,05 12 13 22 25 35,51,
05/28/2016,03 08 09 26 39 42,25,
06/01/2016,09 13 15 25 38 56,35,
06/04/2016,11 17 25 27 47 48,56,
06/08/2016,02 16 22 44 56 59,18,
06/11/2016,03 19 21 44 49 57,51,
06/15/2016,08 24 31 39 54 59,11,
06/18/2016,10 21 30 38 45 59,49,
06/22/2016,31 40 42 48 49 57,20,
06/25/2016,14 27 30 31 50 52,15,
06/29/2016,04 11 18 37 50 53,36,
07/02/2016,16 27 33 36 43 58,37,
07/06/2016,23 25 36 43 46 48,2,
07/09/2016,08 10 46 48 50 58,43,
07/13/2016,04 05 10 32 34 44,43,
07/16/2016,14 21 27 36 53 56,3,
07/20/2016,02 26 32 40 43 59,53,
07/23/2016,03 26 27 53 55 58,31,
07/27/2016,04 14 30 33 49 54,22,
07/30/2016,01 06 08 09 18 38,39,
08/03/2016,09 16 22 27 46 51,57,
08/06/2016,13 18 21 27 58 59,33,
08/10/2016,09 12 14 17 26 28,43,
08/13/2016,01 05 13 26 35 53,24,
08/17/2016,15 21 26 39 46 53,57,
08/20/2016,04 08 27 31 33 54,2,
08/24/2016,41 43 49 57 58 59,18,
08/27/2016,17 22 35 40 43 50,44,
08/31/2016,17 23 24 28 32 57,38,
09/03/2016,03 09 26 34 48 59,32,
09/07/2016,16 22 31 37 48 52,29,
09/10/2016,04 05 13 21 53 57,43,
09/14/2016,05 17 18 32 37 56,49,
09/17/2016,12 13 21 50 56 58,41,
09/21/2016,04 08 13 30 36 58,1,
09/24/2016,16 21 32 33 35 57,22,
09/28/2016,07 43 48 54 58 59,52,
10/01/2016,01 04 13 15 30 33,44,
10/05/2016,01 28 29 31 55 58,43,
10/08/2016,02 09 29 40 55 57,8,
10/12/2016,01 12 17 28 46 47,33,
10/15/2016,01 08 17 18 24 42,46,
10/19/2016,02 17 25 36 40 46,9,
10/22/2016,14 26 30 35 50 56,48,
10/26/2016,18 22 41 45 49 56,16,
10/29/2016,10 13 40 44 51 55,46,
11/02/2016,09 21 24 26 50 54,40,
11/05/2016,05 11 15 23 26 42,32,
11/09/2016,21 23 25 28 46 59,44,
11/12/2016,12 22 28 30 48 59,4,
11/16/2016,02 21 25 26 40 57,10,
11/19/2016,13 25 32 47 52 57,50,
11/23/2016,06 09 10 18 25 42,26,
11/26/2016,06 16 22 25 31 56,50,
11/30/2016,07 13 18 19 38 51,41,
12/03/2016,12 42 49 53 54 59,20,
12/07/2016,08 09 19 34 39 43,15,
12/10/2016,10 18 30 44 50 56,37,
12/14/2016,18 19 32 38 49 54,9,
12/17/2016,16 24 25 28 51 52,39,
12/21/2016,06 23 25 39 42 53,49,
12/24/2016,04 48 51 52 54 57,18,
12/28/2016,16 21 40 41 44 49,29,
12/31/2016,03 16 25 40 44 50,52,
